<?xml version="1.0" encoding="UTF-8"?>
<beans xmlns="http://www.springframework.org/schema/beans"
	xmlns:xsi="http://www.w3.org/2001/XMLSchema-instance"
	xmlns:p="http://www.springframework.org/schema/p"
	xmlns:context="http://www.springframework.org/schema/context"
	xsi:schemaLocation="http://www.springframework.org/schema/beans
		http://www.springframework.org/schema/beans/spring-beans.xsd
		http://www.springframework.org/schema/context
		http://www.springframework.org/schema/context/spring-context.xsd">


	<context:component-scan base-package="mypack" />

<bean class="org.springframework.web.servlet.view.InternalResourceViewResolver">  
      
        <property name="prefix" value="/WEB-INF/jsp/" />  
        <property name="suffix" value=".jsp" />  
    </bean> 

	
	<bean id="themeSource"
		class="org.springframework.ui.context.support.ResourceBundleThemeSource">
			<property name="basenamePrefix" value="theme-" />
	</bean>

	<!-- Theme Change Interceptor and Resolver definition -->
	<bean id="themeChangeInterceptor"
		class="org.springframework.web.servlet.theme.ThemeChangeInterceptor">
		<property name="paramName" value="theme" />
	</bean>
        <bean id="handlerMapping"
		class="org.springframework.web.servlet.mvc.method.annotation.RequestMappingHandlerMapping">
		<property name="interceptors">
			<list>
				<ref bean="themeChangeInterceptor" />
			</list>
		</property>
	</bean>
	<bean id="themeResolver"
		class="org.springframework.web.servlet.theme.CookieThemeResolver">
		<property name="defaultThemeName" value="default"/>
	</bean>

	
</beans>