<beans xmlns="http://www.springframework.org/schema/beans"
	xmlns:xsi="http://www.w3.org/2001/XMLSchema-instance" xmlns:tx="http://www.springframework.org/schema/tx"
	xmlns:jpa="http://www.springframework.org/schema/data/jpa"
	xmlns:context="http://www.springframework.org/schema/context"
	xsi:schemaLocation="http://www.springframework.org/schema/beans 
        http://www.springframework.org/schema/beans/spring-beans.xsd
        http://www.springframework.org/schema/tx http://www.springframework.org/schema/tx/spring-tx.xsd        
        http://www.springframework.org/schema/data/jpa 
        http://www.springframework.org/schema/data/jpa/spring-jpa.xsd
        http://www.springframework.org/schema/context
        http://www.springframework.org/schema/context/spring-context.xsd">


	<context:component-scan base-package="com.demo" />

	<jpa:repositories base-package="com.demo" />

<bean id="datasource"
		class="org.springframework.jdbc.datasource.DriverManagerDataSource">
		<property name="driverClassName" value="org.h2.Driver" />
		<property name="url" value="jdbc:h2:tcp://localhost/~/mydb" />
		<property name="username" value="sa" />
		<property name="password" value="" />
	</bean> 
	<bean id="jpaVendorAdapter"
		class="org.springframework.orm.jpa.vendor.HibernateJpaVendorAdapter">
		<property name="showSql" value="false" />
		<property name="generateDdl" value="true" />
		<property name="databasePlatform" value="org.hibernate.dialect.MySQL5Dialect" />
	</bean>


	<bean id="entityManagerFactory"
		class="org.springframework.orm.jpa.LocalContainerEntityManagerFactoryBean">
		<property name="dataSource" ref="datasource" />
		<property name="jpaVendorAdapter" ref="jpaVendorAdapter" />
		<!-- spring based scanning for entity classes -->
		<property name="packagesToScan" value="com.demo" />
	</bean>

	<bean id="transactionManager" class="org.springframework.orm.jpa.JpaTransactionManager" />

</beans>