<?xml version="1.0" encoding="UTF-8"?>  

<beans xmlns="http://www.springframework.org/schema/beans"  
    xmlns:xsi="http://www.w3.org/2001/XMLSchema-instance"  
    xmlns:p="http://www.springframework.org/schema/p"  
    xmlns:context="http://www.springframework.org/schema/context"  
    xsi:schemaLocation="http://www.springframework.org/schema/beans  
http://www.springframework.org/schema/beans/spring-beans.xsd  
http://www.springframework.org/schema/context  
http://www.springframework.org/schema/context/spring-context.xsd">  
  
    <context:component-scan  base-package="mypack" />  
    
    <bean id="localeResolver"
		class="org.springframework.web.servlet.i18n.SessionLocaleResolver">
		<property name="defaultLocale" value="en" />
    </bean>

	<bean id="localeChangeInterceptor"
		class="org.springframework.web.servlet.i18n.LocaleChangeInterceptor">
		<property name="paramName" value="language" />
	</bean>
       <bean class="org.springframework.web.servlet.mvc.method.annotation.RequestMappingHandlerMapping">
         <property name="interceptors">
			<list>
				<ref bean="localeChangeInterceptor" />
			</list>
		</property>
       </bean>
    <bean class="org.springframework.web.servlet.view.InternalResourceViewResolver">  
      
        <property name="prefix" value="/WEB-INF/jsp/" />  
        <property name="suffix" value=".jsp" />  
    </bean> 
   <bean id="messageSource"
		class="org.springframework.context.support.ResourceBundleMessageSource">
		<property name="basename" value="welcome" />
</bean>

</beans>  