<?xml version="1.0" encoding="UTF-8"?>
<beans xmlns="http://www.springframework.org/schema/beans"
	xmlns:xsi="http://www.w3.org/2001/XMLSchema-instance" xmlns:context="http://www.springframework.org/schema/context"
	xmlns:tx="http://www.springframework.org/schema/tx"
	xsi:schemaLocation="http://www.springframework.org/schema/beans
    http://www.springframework.org/schema/beans/spring-beans.xsd
    http://www.springframework.org/schema/context
    http://www.springframework.org/schema/context/spring-context.xsd 
    http://www.springframework.org/schema/tx 
    http://www.springframework.org/schema/tx/spring-tx.xsd">

	<!-- Define Service and Repository beans using auto scan feature of Spring -->
	<context:component-scan base-package="com.demo.repository,com.demo.service" />
	<tx:annotation-driven />
	<!-- Define DataSource bean using DriverManagerDataSource class of Spring -->
	
	<!-- Define DataSource bean using DriverManagerDataSource class of Spring --> 
	<bean id="datasource"
		class="org.springframework.jdbc.datasource.DriverManagerDataSource">
		<property name="driverClassName" value="org.h2.Driver" />
		<property name="url" value="jdbc:h2:tcp://localhost/~/mydb" />
		<property name="username" value="sa" />
		<property name="password" value="" />
	</bean> 

	<!-- Define entityManagerFactory bean of Spring class -->
	<bean id="entityManagerFactory" class="org.springframework.orm.jpa.LocalContainerEntityManagerFactoryBean">
		<property name="packagesToScan" value="com.demo.domain" />
		<property name="dataSource" ref="datasource" />
		<property name="jpaVendorAdapter" ref="hbAdapterBean"></property>
	</bean>

	<!-- Define JPA provider bean -->
	<bean id="hbAdapterBean" class="org.springframework.orm.jpa.vendor.HibernateJpaVendorAdapter">
		<property name="generateDdl" value="true"></property>
		<property name="showSql" value="true"></property>
		<property name="databasePlatform" value="org.hibernate.dialect.H2Dialect"></property>
	</bean>

	<!-- Define Spring transaction manager bean -->
	<bean id="transactionManager" class="org.springframework.orm.jpa.JpaTransactionManager">
		<property name="entityManagerFactory" ref="entityManagerFactory" />
	</bean>

</beans>
