<beans xmlns="http://www.springframework.org/schema/beans"
	xmlns:xsi="http://www.w3.org/2001/XMLSchema-instance" xmlns:tx="http://www.springframework.org/schema/tx"
	xmlns:jpa="http://www.springframework.org/schema/data/jpa"
	xmlns:context="http://www.springframework.org/schema/context"
	xsi:schemaLocation="http://www.springframework.org/schema/beans 
        http://www.springframework.org/schema/beans/spring-beans.xsd
        http://www.springframework.org/schema/tx http://www.springframework.org/schema/tx/spring-tx.xsd        
        http://www.springframework.org/schema/data/jpa 
        http://www.springframework.org/schema/data/jpa/spring-jpa.xsd
        http://www.springframework.org/schema/context
        http://www.springframework.org/schema/context/spring-context.xsd">

	<context:component-scan base-package="com.demo" />
	<jpa:repositories base-package="com.demo" />
	<bean id="dataSource"
		class="org.springframework.jdbc.datasource.DriverManagerDataSource">
		<property name="driverClassName" value="org.h2.Driver" />
		<property name="url" value="jdbc:h2:tcp://localhost/~/mydb" />
		<property name="username" value="sa" />
		<property name="password" value="" />
</bean>

	<bean id="jpaVendorAdapter" class="org.springframework.orm.jpa.vendor.HibernateJpaVendorAdapter">
		<property name="generateDdl" value="true" />
		<property name="databasePlatform" value="org.hibernate.dialect.H2Dialect" />
	</bean>

	<bean id="entityManagerFactory" class="org.springframework.orm.jpa.LocalContainerEntityManagerFactoryBean">
		<property name="dataSource" ref="dataSource" />
		<property name="jpaVendorAdapter" ref="jpaVendorAdapter" />
		<!-- scans for entity classes with mapping details  -->
		<property name="packagesToScan" value="com.demo" />
		 <property name="jpaProperties">
          <props>
              <prop key="hibernate.hbm2ddl.auto">create</prop>
             <prop key="hibernate.dialect">org.hibernate.dialect.H2Dialect</prop>
             <prop key="hibernate.Show_sql">true</prop>
          </props>
       </property>
		
	</bean>

<!-- Transaction manager has to be defined because Spring automatically executes all Spring provided repository methods in transaction scope -->
   <bean id="transactionManager" class="org.springframework.orm.jpa.JpaTransactionManager" />

</beans>