<?xml version="1.0" encoding="UTF-8"?>
<beans xmlns="http://www.springframework.org/schema/beans"
	xmlns:xsi="http://www.w3.org/2001/XMLSchema-instance"
	xmlns:p="http://www.springframework.org/schema/p"
	xmlns:context="http://www.springframework.org/schema/context"
	xsi:schemaLocation="http://www.springframework.org/schema/beans
		http://www.springframework.org/schema/beans/spring-beans.xsd
		http://www.springframework.org/schema/context
		http://www.springframework.org/schema/context/spring-context.xsd">
	<context:component-scan base-package="mypack" />	
 <bean class="org.springframework.web.servlet.mvc.method.annotation.RequestMappingHandlerMapping">
		<property name="interceptors">
			<list>
				<ref bean="loggerinterceptor"/>
			  <ref bean="wrhinterceptor"/>
				
			</list>
		</property>
	</bean>
	
	<bean id="loggerinterceptor" class="mypack.LoggerInterceptor"/>
<bean id="wrhinterceptor" class="mypack.WorkingHoursInterceptor"/> 
</beans>
