<?xml version="1.0" encoding="UTF-8"?>
<beans xmlns="http://www.springframework.org/schema/beans"
	xmlns:xsi="http://www.w3.org/2001/XMLSchema-instance"
	xmlns:aop="http://www.springframework.org/schema/aop"
	xmlns:context="http://www.springframework.org/schema/context"
	xmlns:tx="http://www.springframework.org/schema/tx"
	xmlns:p="http://www.springframework.org/schema/p"
	xmlns:mvc="http://www.springframework.org/schema/mvc"


	xsi:schemaLocation="http://www.springframework.org/schema/beans http://www.springframework.org/schema/beans/spring-beans.xsd
                        http://www.springframework.org/schema/context http://www.springframework.org/schema/context/spring-context.xsd
                        http://www.springframework.org/schema/tx http://www.springframework.org/schema/tx/spring-tx.xsd
                        http://www.springframework.org/schema/mvc
                        http://www.springframework.org/schema/mvc/spring-mvc.xsd
                        http://www.springframework.org/schema/aop 
   						http://www.springframework.org/schema/aop/spring-aop-3.0.xsd">

	<context:component-scan base-package="com.pack" />

	<bean
		class="org.springframework.web.servlet.view.InternalResourceViewResolver">
		<property name="prefix" value="/WEB-INF/view/" />
		<property name="suffix" value=".jsp" />
	</bean>

	<bean id="contentNegotiationManager"
		class="org.springframework.web.accept.ContentNegotiationManagerFactoryBean">
		<property name="defaultContentType" value="text/html" />
		<property name="parameterName" value="type" />
		<property name="favorParameter" value="true" />
		<property name="ignoreUnknownPathExtensions" value="false" />
		<property name="ignoreAcceptHeader" value="false" />
		<property name="useJaf" value="true" />
	</bean>

	<mvc:view-resolvers>
		<mvc:content-negotiation>
			<mvc:default-views>
				<bean class="com.pack.ITextPdfView" />
			</mvc:default-views>
		</mvc:content-negotiation>
		<mvc:jsp prefix="/WEB-INF/view/" suffix=".jsp" />
	</mvc:view-resolvers>

</beans>